<?xml version="1.0" encoding="UTF-8" ?>
<!DOCTYPE mapper PUBLIC "-//mybatis.org//DTD Mapper 3.0//EN" "http://mybatis.org/dtd/mybatis-3-mapper.dtd" >
<mapper namespace="com.huawei.core.mapper.ArticleMapper">
	<resultMap id="articleMap" type="article">
		<id column="id" property="id" jdbcType="INTEGER" />
		<result column="title" property="title" jdbcType="VARCHAR" />
		<result column="detail" property="detail" jdbcType="VARCHAR" />
		<result column="answer" property="answer" jdbcType="VARCHAR" />
		<result column="createTime" property="createTime"
			jdbcType="DATE" />
		<result column="userId" property="userId" jdbcType="INTEGER" />
	</resultMap>

	<sql id="Base_Column_List">
		id, title,detail,answer,createTime,userId
	</sql>

	<insert id="add" parameterType="article" useGeneratedKeys="true" keyProperty="id" keyColumn="id" >
		INSERT INTO t_article
		<trim prefix="(" suffix=")" suffixOverrides=",">
			<if test="title != null">
				title,
			</if>
			<if test="detail != null">
				detail,
			</if>
			<if test="answer != null">
				answer,
			</if>
			createTime,
			<if test="userId != null">
				userId,
			</if>
		</trim>
		<trim prefix="values (" suffix=")" suffixOverrides=",">
			<if test="title != null">
				#{title},
			</if>
			<if test="detail != null">
				#{detail},
			</if>
			<if test="answer != null">
				#{answer},
			</if>
			#{createTime},
			<if test="userId != null">
				#{userId},
			</if>
		</trim>
	</insert>
	<select id="findAll"  resultMap="articleMap">
		SELECT
        <include refid="Base_Column_List" />
        FROM t_article order by createTime DESC
	</select>
</mapper>