<?xml version="1.0" encoding="UTF-8" ?>
<!DOCTYPE mapper PUBLIC "-//mybatis.org//DTD Mapper 3.0//EN" "http://mybatis.org/dtd/mybatis-3-mapper.dtd" >
<mapper namespace="com.huawei.core.mapper.BlogMapper" >
    <resultMap id="BaseResultMap" type="blog" >
        <id column="id" property="id" jdbcType="INTEGER" />
        <result column="content" property="content" jdbcType="VARCHAR" />
        <result column="author" property="author" jdbcType="VARCHAR" />
        <result column="createTime" property="createTime" jdbcType="DATE" />
    </resultMap>

    <sql id="Base_Column_List" >
        id, content,author,createTime
    </sql>

    <select id="getAll" resultMap="BaseResultMap">
        SELECT
        <include refid="Base_Column_List" />
        FROM t_blog order by createTime DESC
    </select>
    
    <delete id="deleteUser" parameterType="string">
    	DELETE FROM t_user where id=#{id}
    </delete>

    <insert id="add" parameterType="blog">
        INSERT INTO t_blog (content,author,createTime) VALUES (#{blog.content},#{blog.author},#{blog.createTime})
    </insert>
	<update id="updateUser" parameterType="user">
		update t_user SET userName=#{user.userName},passWord=#{user.password} WHERE id=#{user.id}
	</update>
</mapper>