<?xml version="1.0" encoding="UTF-8" ?>
<!DOCTYPE mapper PUBLIC "-//mybatis.org//DTD Mapper 3.0//EN" "http://mybatis.org/dtd/mybatis-3-mapper.dtd" >
<mapper namespace="com.huawei.core.mapper.InterviewMapper" >
    <resultMap id="BaseResultMap" type="interview" >
        <id column="id" property="id" jdbcType="INTEGER" />
        <result column="title" property="title" jdbcType="VARCHAR" />
        <result column="content" property="content" jdbcType="VARCHAR" />
        <result column="creator" property="creator" jdbcType="VARCHAR" />
        <result column="createTime" property="createTime" jdbcType="DATETIMEOFFSET" />
    </resultMap>

    <sql id="Base_Column_List" >
        id, title,creator, content,createTime
    </sql>

    <select id="getAll" resultMap="BaseResultMap">
        SELECT
        <include refid="Base_Column_List" />
        FROM t_interview order by createTime DESC limit #{start} ,#{pageSize}
    </select>
    
    <delete id="deleteById" parameterType="int">
    	DELETE FROM t_interview where id=#{id}
    </delete>

    <insert id="add" parameterType="interview" useGeneratedKeys="true" keyProperty="id" keyColumn="id" >
        INSERT INTO t_interview (title,content,creator,createTime) VALUES (#{title},#{content},#{creator},#{createTime})
    </insert>
</mapper>