<?xml version="1.0" encoding="UTF-8" ?>
<!DOCTYPE mapper PUBLIC "-//mybatis.org//DTD Mapper 3.0//EN" "http://mybatis.org/dtd/mybatis-3-mapper.dtd" >
<mapper namespace="com.huawei.core.mapper.RecordMapper">
    <resultMap id="baseRecordMap" type="record">
        <id column="categoryID" property="categoryID" jdbcType="VARCHAR"/>
        <result column="title" property="title" jdbcType="VARCHAR"/>
        <result column="parentID" property="parentID" jdbcType="VARCHAR"/>
        <result column="pipelineID" property="pipelineID" jdbcType="VARCHAR"/>
        <result column="name" property="name" jdbcType="VARCHAR"/>
        <result column="link" property="link" jdbcType="VARCHAR"/>
    </resultMap>

    <!--查询所有的文件夹-->
    <select id="selectCategory" resultMap="baseRecordMap">
        SELECT
        tbl_category.categoryID,
        tbl_category.parentID,
        tbl_category_detail.title
    FROM
        tbl_category
    LEFT JOIN tbl_category_detail ON tbl_category.categoryID = tbl_category_detail.categoryID
    </select>

    <select id="selectRecord" resultMap="baseRecordMap">
            SELECT
        pipelineID,
        `name`,
        link,
        categoryID
    FROM
        tbl_pipeline;
    </select>

</mapper>