<?xml version="1.0" encoding="UTF-8" ?>
<!DOCTYPE mapper PUBLIC "-//mybatis.org//DTD Mapper 3.0//EN" "http://mybatis.org/dtd/mybatis-3-mapper.dtd" >
<mapper namespace="com.huawei.core.mapper.UserMapper" >
    <resultMap id="BaseResultMap" type="user" >
        <id column="id" property="id" jdbcType="INTEGER" />
        <result column="nickName" property="nickName" jdbcType="VARCHAR" />
        <result column="userName" property="userName" jdbcType="VARCHAR" />
        <result column="passWord" property="password" jdbcType="VARCHAR" />
        <result column="createTime" property="createTime" jdbcType="DATE" />
    </resultMap>

    <sql id="Base_Column_List" >
        id, nickName,userName, passWord,createTime
    </sql>

    <select id="getAll" resultMap="BaseResultMap">
        SELECT
        <include refid="Base_Column_List" />
        FROM t_user order by createTime DESC
    </select>
    
    <delete id="deleteUser" parameterType="string">
    	DELETE FROM t_user where id=#{id}
    </delete>

    <insert id="addUser" parameterType="user">
        INSERT INTO t_user (nickName,userName,passWord,createTime) VALUES (#{user.nickName},#{user.userName},#{user.password},#{user.createTime})
    </insert>
	<update id="updateUser" parameterType="user">
		update t_user SET userName=#{user.userName},passWord=#{user.password} WHERE id=#{user.id}
	</update>
</mapper>